{
  "0x3cc936b795a188f0e246cbb2d74c5bd190aecf18": {
    "X": -4068.991283344079,
    "NEXT": -4834.07385102,
    "GFY": 0,
    "DAI": 264739.12755264,
    "SGT": -13656.052637502851,
    "TORN": -2182.7364398
  },
  "0xf80642eb48d9e4ab64053690aa4f6e96254451ce": {
    "CYBERCLONE": 0,
    "MiniGrok": 0,
    "SATAN": 0,
    "RouletteBOT": 0,
    "AIX": -11167.704774054446,
    "GROK": -18116.938223686644,
    "GFY": 0
  },
  "0x6ac6585894967a9bead50bd97e53ca2b0e9e32af": {
    "SquidGrok": 0,
    "ETH": 0,
    "E TH": 0
  },
  "0x75e89d5979e4f6fba9f97c104c2f0afb3f1dcb88": {
    "RNDR": -1724.6955817517007,
    "GALA": -1105.0741982395346,
    "USDT": 68398.83144402565,
    "STOS": -1452.798180440866,
    "BIGTIME": 41.7205835594,
    "USDC": 16.812479474999996,
    "HFT": 12696.479386223202,
    "BAT": 23239.9483008
  },
  "0x6d9148e201304aa9cca58a759a134a3fb58fe718": {
    "FROGE": -35953.28738092293,
    "GFY": 0
  },
  "0x03770b07c5c315722c5866e64cde04e6e5793714": {
    "MiniGrok": 0,
    "JJ": 0,
    "USDT": 500.46164999999974,
    "PEANUT": 0,
    "RouletteBOT": 0
  }
}